Tiempo_s,Torque_Aplicado_Nm,Velocidad_Izq_rad_s,Velocidad_Der_rad_s
0.015675895,0.0,0.05708046075107019,0.0017256604674561731
0.019630838,0.0,0.05538488402331691,0.0017320625026254538
0.029683763,0.0,0.052498479148453514,0.0017402136299200753
0.039632341,0.0,0.07009390409557398,0.0017214020733610398
0.049681634,0.0,0.06567883210162281,0.0017259916486635956
0.059682316,0.0,0.058263720739482744,0.0017312825619261304
0.069683556,0.0,0.04570078183522083,0.0016519903093782078
0.079681025,0.0,0.04453319143167192,0.001651055158762925
0.089709783,0.0,0.08845561912740026,0.0017519133709400572
0.099969309,0.0,0.08797573092100462,0.0017537507866950373
0.110090262,0.0,0.08922824646434142,0.0017574552233845554
0.120350486,0.0,0.09011793561863086,0.0017599275986748828
0.130338944,0.0,0.09250054002168093,0.0017626674967677553
0.140462552,0.0,0.0965536497669538,0.0017644911690257179
0.150534894,0.0,0.10160573158502885,0.0017636028043174082
0.160692376,0.0,0.10681847835271926,0.0017610612011253217
0.170696341,0.0,0.11379313635849418,0.001758575714166319
0.180677256,0.0,0.12102182614220167,0.0017533421643062663
0.190700218,0.0,0.10066175870511802,0.0016747254469657875
0.200688816,0.0,0.10944443696351756,0.001685028639447408
0.210698228,0.0,0.11983696093405988,0.0017335204037751666
0.220764354,0.0,0.13147819180247405,0.0017281774312289883
0.23065978,0.0,0.13572462045198982,0.001762700739378416
0.240653617,0.0,0.12113739086023718,0.0016830584636900302
0.250798527,0.0,0.1368602508950495,0.001738196699935685
0.260650929,0.0,0.14570490900221944,0.0017733490757335206
0.270658385,0.0,0.16108532240860646,0.001754952165957108
0.280740226,0.0,0.14854219962827686,0.0016927989633445288
0.290675044,0.0,0.16546636546438595,0.0017284689339535433
0.300666157,0.0,0.1513130024936613,0.0017069929401058136
0.310648888,0.0,0.17386948851276787,0.00173565983096911
0.320664726,0.0,0.16054448108816874,0.0016847547154922177
0.330721073,0.0,0.1832962931782583,0.0017315239976205916
0.34066099,0.0,0.1735255674974393,0.0017126755896163161
0.350673825,0.0,0.19393710025616862,0.0017661714445034804
0.360715156,0.0,0.1943131729797273,0.0017394720989663236
0.370663593,0.0,0.18713181944789858,0.0016907386965537667
0.380688651,0.0,0.20894175449207938,0.0017611687389665594
0.39071266,0.0,0.2124561589409149,0.0017387101617797156
0.400675486,0.0,0.2108862401611451,0.0017268693274222445
0.410671348,0.0,0.21016085486387934,0.00170151868853609
0.420677408,0.0,0.21045216544764755,0.0016882778876530832
0.430671454,0.0,0.20845557683814578,0.0015887790373752316
0.440679818,0.0,0.1732626933738262,0.0017399298078929933
0.450681268,0.0,0.17231314657653715,0.0017543267179220192
0.460681321,0.0,0.14360651190519205,0.001691522163228907
0.470703794,0.0,0.14903679735154893,0.0017385902029028455
0.480700285,0.0,0.1466971011364846,0.0017626472778527469
0.490688045,0.0,0.12772007894934476,0.00169094174582363
0.500665608,0.0,0.1370262344556737,0.0017317136236376582
0.51071064,0.0,0.1403813137226997,0.0017667469470129893
0.52065398,0.0,0.12585897855620862,0.0016875532387363324
0.530672471,0.0,0.13943973187123013,0.0017345505794765272
0.540677344,0.0,0.14607084534176407,0.0017697049120057656
0.550655745,0.0,0.13398352909733494,0.0016794052864735863
0.560655518,0.0,0.15037364731514233,0.0017351327114254415
0.57068302,0.0,0.1597411259256139,0.0017694550517741965
0.58063034,0.0,0.1502599687433882,0.0016838647792923002
0.590614747,0.0,0.16887738958332427,0.0017321005751600007
0.600710347,0.0,0.18054269422992938,0.0017588395713914306
0.610664931,0.0,0.1737568387461977,0.0017054437767855144
0.620699836,0.0,0.1887088197948321,0.0017623507699352304
0.630617333,0.0,0.18656449549555565,0.001739379271602082
0.640665159,0.0,0.1779704461082195,0.0016872702144952161
0.650732333,0.0,0.19781725503043382,0.0017708836560606477
0.660667151,0.0,0.19874922219196947,0.0017170252155084137
0.67065086,0.0,0.19343210881586742,0.001688080915934453
0.680667954,0.0,0.2169654663147731,0.001767221353432707
0.690677296,0.0,0.22206902165217288,0.0017393135592205624
0.700666593,0.0,0.22162438510510019,0.0017225633800457716
0.710676424,0.0,0.2218675285420192,0.0016982568668291896
0.720693938,0.0,0.22280089762061442,0.0016894167892767872
0.730706004,0.0,0.22662115197069724,0.0016939370049932328
0.740687757,0.0,0.23324234508372518,0.001696447433843
0.750687531,0.0,0.24162014646285643,0.0016961224180232293
0.760699946,0.0,0.25102771649166716,0.0016959603428764554
0.770642098,0.0,0.2614914827241602,0.0016975084385070678
0.780695511,0.0,0.2744433804681563,0.0017150761367528628
0.790667836,0.0,0.2900791063909508,0.0017464857077358542
0.800664536,0.0,0.3893653088282807,0.0018113303409091272
0.810702724,0.0,0.3842082089772075,0.0014171022003318223
0.82065207,0.0,0.41374460909562155,0.0013035025109798147
0.830677057,0.0,0.40969831994577627,0.0012912416701327983
0.840669566,0.0,0.4000086650942494,0.001336550143431571
0.850661727,0.0,0.39734843467292474,0.00141641869003176
0.860661011,0.0,0.38258431293117096,0.0017643134122831625
0.870636967,0.0,0.42839178918701354,0.001893047325363736
0.880709169,0.0,0.4796977941072845,0.001814457941497762
0.890775924,0.0,0.5139836402064051,0.001700646317490338
0.900660104,0.0,0.5083202482694924,-0.000924099940147494
0.910657852,0.0,0.46282454728441325,0.000864559637369984
0.920707006,0.0,0.1512817599919612,-0.0007162249909001966
0.930689178,0.0,0.14142359769011748,0.0010706277409768305
0.94069838,0.0,0.03882428495797943,-0.0007392031344957278
0.950662463,0.0,0.04734804130412714,0.0012169050721888355
0.960675507,0.0,-0.03406618192599173,0.0013332824495734166
0.970729759,0.0,-0.12070286815920096,-0.0007334868166888574
0.980657383,0.0,-0.07705249147816919,0.0011421663173478494
0.990796077,0.0,-0.18339786421755427,-0.0007367081588333362
1.000996723,0.0,-0.20813952960921067,0.00031346899454036794
1.011289913,0.0,-0.21645953289793635,0.0010056964925092369
1.021649595,0.0,-0.30739022178463227,-0.000809168681776759
1.031683662,0.0,-0.1500414009223723,-0.0018579219929389101
1.041628608,0.0,-0.06296769636380233,-0.03750251839123928
1.051708423,0.0,0.12897198441756824,0.0008341071381976067
1.061879036,0.0,0.17866373872610553,0.0012328163233504483
1.072125639,0.0,0.07179378347108009,0.0014223275466073524
1.082352966,0.0,0.051482988137733436,0.0014602306743135996
1.092552075,0.0,0.046073723390812366,0.0016991157628598354
1.102633357,0.0,0.03109245010387476,0.0018383734139801565
1.112706886,0.0,0.004471361823617407,0.0018628305351715176
1.122631228,0.0,0.007049231620971675,0.001806323924353496
1.13268094,0.0,-0.0029120377155164587,0.001713927060570547
1.142625955,0.0,-0.014150112436498075,0.0017070935968127778
1.152683141,0.0,-0.03574368019383814,0.0016544407140544441
1.162667548,0.0,-0.026783364470717944,0.0018028338356757285
1.172644971,0.0,-0.012807907340945657,0.0017743701937094694
1.182647469,0.0,-0.006002155011592897,0.0017408590306384223
1.192663655,0.0,-0.002540128893625639,0.001723703152670219
1.202627738,0.0,-0.02248970724501652,0.0016365064299823304
1.212701826,0.0,-0.01928958774849978,0.0017794031647942136
1.222618903,0.0,-0.006755211198603155,0.0017710182285722463
1.232656533,0.0,0.002571299930685098,0.0017414248274269886
1.242648553,0.0,-0.014825672144285394,0.001641829403864337
1.252636453,0.0,-0.012153858193716428,0.0017699216476045436
1.262667237,0.0,-0.0007782627706690013,0.0017623576951310517
1.272730569,0.0,-0.015095321628538043,0.0016468865022013883
1.282672581,0.0,-0.0040861923043576135,0.0016827683147525654
1.292680945,0.0,-4.664349775085341e-05,0.0017607326528441304
1.302640139,0.0,-0.014243160191663004,0.0016477013898227554
1.312658351,0.0,-0.0009017577744913421,0.0016846738969261421
1.322679637,0.0,0.005059156337162774,0.001762385481745522
1.332644977,0.0,-0.008302959851029483,0.0016460435468560308
1.342682606,0.0,0.005273380096491929,0.001685047887616026
1.352636561,0.0,0.01144741134204872,0.001760354300052733
1.362643319,0.0,-0.0014107407819502604,0.0016493925130367428
1.372653429,0.0,0.007468029079374063,0.0017775951765269735
1.382639303,0.0,0.022111025203163662,0.0017593023035355599
1.392658563,0.0,0.00964239795192261,0.0016483229983194955
1.402793835,0.0,0.016330596915601764,0.0017657760058652026
1.412615994,0.0,0.006832994820261368,0.0016565236604519726
1.422627361,0.0,0.018076726475557484,0.0017762981951195671
1.432757884,0.0,0.010213906534455707,0.0016473061803438018
1.442631308,0.0,0.025282440845444214,0.0016580364336760307
1.452645539,0.0,0.03140927521801754,0.0017540953797376222
1.462639655,0.0,0.020644437577613466,0.0016619324951383137
1.472663944,0.0,0.0308343551814537,0.0017652628820176673
1.482651634,0.0,0.02373513784566378,0.0016634533542029721
1.49265476,0.0,0.03306668470349934,0.001756057075198286
1.502676465,0.0,0.027267723132000942,0.0016601749448915855
1.51264865,0.0,0.035033426645266104,0.0017561678586741104
1.522671192,0.0,0.03008724774679086,0.0016567593943642182
1.532676972,0.0,0.03736917915141692,0.0017536702325856007
1.542659703,0.0,0.03252402712638717,0.0016595840641365645
1.552666461,0.0,0.03951782245365083,0.001749382449954191
1.562670285,0.0,0.03459919214463789,0.001662885528139345
1.572632133,0.0,0.04124391633226419,0.001744141349672458
1.582638402,0.0,0.03623876733258616,0.0016674763470229809
1.592747063,0.0,0.042501398490707366,0.0017378793197694196
1.602622513,0.0,0.03740037111564079,0.0016728889078277114
1.612675228,0.0,0.04330689391783747,0.0017308641597353928
1.622668366,0.0,0.0381604259340939,0.0016790371989450215
1.632700268,0.0,0.04375508033133573,0.0017232634828414075
1.642705209,0.0,0.0385975297120654,0.0016835114412634853
1.652666847,0.0,0.044000820056881954,0.0017171168449828193
1.66267144,0.0,0.039066404654332185,0.0016832816780491932
1.672672191,0.0,0.033517346154884484,0.0016958126860921394
1.682678669,0.0,0.04348686839843412,0.0017305071669459016
1.692685566,0.0,0.039674919707646486,0.0016817654935244132
1.70265349,0.0,0.04509007097294575,0.001710347782712889
1.712721362,0.0,0.04172775971532766,0.0017344187604927952
1.722734406,0.0,0.03988356651374591,0.0016908441796047377
1.732664055,0.0,0.04622686613936425,0.0017151539581518691
1.74263589,0.0,0.04146526470985683,0.0017332951376678573
1.752727998,0.0,0.040784144370934285,0.001690412087030412
1.762664143,0.0,0.04748669193246815,0.0017159315052634508
1.772704286,0.0,0.04535593951587361,0.0017303202988698547
1.782650838,0.0,0.042943900619992946,0.0016847110748479414
1.792676174,0.0,0.04003997005074355,0.001689710443635621
1.802691592,0.0,0.04855688339543635,0.0017211702098548186
1.812663218,0.0,0.04445322263377077,0.0017343587587601364
1.822664947,0.0,0.04431427196122489,0.0016867077621471266
1.832679178,0.0,0.03820665624059343,0.001631667089282085
1.842674551,0.0,0.04988258081014024,0.0017226768781044106
1.852706802,0.0,0.046334992070218836,0.0017347673150713127
1.862677869,0.0,0.046442982080749894,0.0016848293082688945
1.872664162,0.0,0.044070505068807775,0.0016926011165355826
1.882672107,0.0,0.04022625337111702,0.0016302398465951624
1.892641917,0.0,0.052250947367219205,0.0017243454809096866
1.90290221,0.0,0.04872270794204195,0.001733281071531487
1.913266921,0.0,0.04823242938326455,0.0016833194818959693
1.923584067,0.0,0.04554797934181872,0.0016917342037079813
1.933650542,0.0,0.04182607889478977,0.0016342312340698016
1.943630549,0.0,0.05342868689849295,0.0017228686767743724
1.953668737,0.0,0.05211742348075075,0.0017296094592070587
1.963741148,0.0,0.049744175329457456,0.0016792551622499124
1.973973434,0.0,0.04801584520948447,0.0016859780101717951
1.984233098,0.0,0.04606167256205233,0.0016938248930458213
1.994537393,0.0,0.042744248571637916,0.001629987576146831
2.004669312,5.0,0.05412228781605988,0.00172335079650888
2.014700655,5.0,1.1947674926544707,9.389476709835247
2.024670884,5.0,1.860652291775865,10.104408121209026
2.034635735,5.0,2.4964675291002583,10.642644035640703
2.044638093,5.0,2.399508528304985,1.6021796771851025
2.054630532,5.0,3.2488004477537986,17.786840364538026
2.064654332,5.0,11.740627931606653,11.824169705463298
2.074662347,5.0,14.318231906069878,12.469458324590958
2.084891419,5.0,12.847520418933296,12.812348884146722
2.095201651,5.0,6.06609527047947,13.460527182340204
2.10557614,5.0,14.051142355906201,19.98870690649326
2.115565506,5.0,14.641683286431121,7.243167946127821
2.125626463,5.0,8.02580846218856,15.149386954479958
2.135644186,5.0,15.711769230129965,8.535782941862537
2.145665751,5.0,6.6304970496398346,7.966553882720565
2.155710085,5.0,9.091325105539841,8.933469165061704
2.165662294,5.0,16.592388108059467,17.88968132375187
2.175671147,5.0,22.660213921655554,16.939418328394684
2.185720859,5.0,10.864289556193638,17.127430523946355
2.195682637,5.0,27.843577873389822,18.313397643079437
2.205666067,5.0,12.070208662434698,25.479726224226965
2.215642302,5.0,24.0716862243229,18.56581134942058
2.225654647,5.0,13.08123149807084,28.59484926614397
2.235896921,5.0,19.74287267056292,19.492779254521203
2.246538704,5.0,13.06599841725335,10.364917830537333
2.256686408,5.0,29.204629413137546,24.87928283658199
2.266790738,5.0,14.36595484729809,20.095984112028805
2.276697548,5.0,14.861401270760329,27.180421160230868
2.286712687,5.0,21.081962570178842,14.873189722204856
2.296743402,5.0,21.40130201842954,20.973070945377728
2.306648256,5.0,30.560207814403434,21.509078463897737
2.316642232,5.0,22.430191515232668,16.14899835460715
2.326705005,5.0,27.278137382197073,33.89393958523967
2.33666804,5.0,17.59920683523633,33.978155672212345
2.346685135,5.0,13.79570358242566,16.327671822555203
2.356647681,5.0,17.430721815653346,22.73247064859873
2.366775689,5.0,27.929654651657625,17.812030056086908
2.37665938,5.0,23.785810468571306,27.75646231045243
2.386649096,5.0,18.98439571749676,31.61052222601362
2.396646145,5.0,19.296700333552906,18.677988003605105
2.40662294,5.0,28.97655223691694,28.426316327974874
2.416704501,5.0,29.304289090784184,35.11069332731871
2.426779915,5.0,32.839957028041106,19.722074486058283
2.436629802,5.0,32.966254082854874,20.17415213476486
2.446688385,5.0,13.329396389804756,16.025922709331937
2.456644435,5.0,20.658641104594484,25.20550077686781
2.466658876,5.0,25.799052425014114,25.430969780323892
2.476638184,5.0,26.037070859315193,29.822672068576246
2.486658911,5.0,30.2367496961106,29.99018352816646
2.496630607,5.0,33.74826405375859,30.21283129400557
2.506648819,5.0,36.51175283317969,21.847507944404406
2.516678416,5.0,22.700620355171182,38.57645419960335
2.526648714,5.0,27.46935187422666,34.016780706254906
2.536636055,5.0,31.348702345006465,22.73305500124069
2.546630381,5.0,22.49953863802385,14.799799382984679
2.556640421,5.0,23.23790070302435,40.641804812568175
2.566636143,5.0,31.5933281217614,34.493636889420976
2.576649675,5.0,34.63947852683197,23.199040957747176
2.586686187,5.0,23.932667823829327,23.696161619221552
2.596637697,5.0,28.667305702233957,34.989613521068954
2.606623222,5.0,24.58027398128719,39.487642996169434
2.616683341,5.0,29.11535211089617,24.312633319019344
2.62663534,5.0,35.584524014647066,29.00398362756672
2.636644402,5.0,29.588842851631878,25.245492601000922
2.646608136,5.0,8.906928145048147,20.037146353703925
2.65667021,5.0,35.73376629424204,32.56456010264574
2.66668025,5.0,29.697672148362372,35.55151440287088
2.67665893,5.0,30.03141794268711,39.93975561970111
2.686668342,5.0,26.038058275137416,29.6153453538629
2.696649815,5.0,33.528520373258985,35.97956887122745
2.706690867,5.0,30.54452351954951,38.37925365663553
2.716693713,5.0,36.62726259925498,33.736023328019506
2.726641941,5.0,27.01791767774745,30.510112834190167
2.736624672,5.0,34.22231967363382,36.58087651760707
2.746717757,5.0,17.82378966252487,14.34364637235801
2.756648943,5.0,36.690816374438775,30.789333635456742
2.766674418,5.0,31.153845967472833,34.14365882847175
2.776741033,5.0,36.979264156754276,40.69933372525777
2.786651894,5.0,31.545690105706623,27.494865842394454
2.796662423,5.0,37.2732810142302,34.59471302514821
2.806680705,5.0,31.923871244897573,28.21195837806709
2.816672934,5.0,39.523182067365624,35.067410309231455
2.826684022,5.0,42.52542529843458,28.734437759066402
2.836634904,5.0,41.35264037664103,37.72257990753659
2.846635655,5.0,15.51228302121023,10.309530870439323
2.856704574,5.0,32.336955114090955,37.65651805478363
2.866631569,5.0,32.365349847201024,41.23299572332683
2.876659978,5.0,32.65012127089006,29.228963160247318
2.886644106,5.0,35.61599059695389,39.88308882641363
2.896697729,5.0,29.604929914923915,29.44923720312495
2.906762807,5.0,44.85188729928069,38.12695225194129
2.916623729,5.0,29.925589470418803,41.63018841021483
2.926693766,5.0,36.129621256949214,33.22936335128931
2.936771695,5.0,36.250835550401554,41.82061657752807
2.946614108,5.0,13.37445952675589,7.128490634311152
2.956624218,5.0,38.381112270402866,41.7568002880939
2.966645643,5.0,41.85188496515503,40.288988184544785
2.976630958,5.0,36.35783235845129,33.74316006866378
2.986674245,5.0,40.410166480088485,41.95095741445097
2.996624358,5.0,40.39392557371334,30.743858683467835
3.006677143,5.0,40.5969366698002,31.061929118914826
3.016640667,5.0,36.88336458003142,43.3496023664211
3.026662092,5.0,36.73874105865504,36.70575746411605
3.036669757,5.0,34.474904717010595,31.008596213244573
3.046624131,5.0,30.84395010245188,30.785799997808763
3.056708416,5.0,39.08618707771509,42.277894043884565
3.06666279,5.0,37.02633133492062,34.3375216614274
3.076626384,5.0,43.52163867283122,34.716818158761825
3.086631465,5.0,46.03001684340801,44.57930435756735
3.096676288,5.0,34.795587392551205,34.880165199746685
3.10663597,5.0,34.8587382791504,31.913501610209316
3.11688879,5.0,32.186066566853754,39.48126148769342
3.127277946,5.0,39.672619634724796,43.68603627156636
3.137574977,5.0,37.862197437629405,37.804642987565465
3.147623292,5.0,26.40872957928739,26.227298975705942
3.157625928,5.0,32.40710129426374,39.4259832385528
3.167647912,5.0,39.79429481285704,35.01852056649563
3.177679394,5.0,37.957311946820674,39.5871509151758
3.187683777,5.0,37.900696942146816,32.324417649866305
3.197651911,5.0,42.89609570665175,35.44979995655242
3.207623257,5.0,35.96517385864326,41.43650002076732
3.217648663,5.0,35.95479938495048,41.38699363625146
3.227660519,5.0,33.51056404551353,32.99260919283403
3.237682573,5.0,36.316915002998165,40.12197013257408
3.247895581,5.0,14.924888183577966,11.968922273085168
3.258260152,5.0,43.02747662615264,41.646699966049745
3.268543773,5.0,42.955046629336586,33.468702319738625
3.278673247,5.0,38.371934837699136,40.3469754753054
3.288666454,5.0,43.08591052155901,44.19242298892277
3.298650862,5.0,43.14617224954673,38.642682761151505
3.308664185,5.0,43.220149591130195,44.30183223063678
3.318686447,5.0,38.77338861784256,34.03603301893884
3.328685382,5.0,34.22657021712981,40.62621423412716
3.338679428,5.0,36.86967122827872,36.9106075558121
3.348618646,5.0,10.037793391875672,15.205024830285717
3.358659488,5.0,34.20791629277226,41.92084448246054
3.368657864,5.0,34.21955716210137,38.60044199753917
3.378653865,5.0,34.773441677699225,43.353166626161666
3.388659505,5.0,39.43287381197405,45.87521729483858
3.398645798,5.0,39.46584325365501,37.17914659010365
3.40865507,5.0,44.60173234372329,46.49618947242917
3.418750111,5.0,34.80450421497306,39.16757287433832
3.428674033,5.0,34.81392270567727,39.275175426099274
3.438635322,5.0,37.384744231109984,37.65003717503201
3.448746147,5.0,28.126118207752786,5.334460788829926
3.458639757,5.0,41.00775072686746,43.64445894913231
3.468665303,5.0,39.4065557103921,41.172696111727596
3.47865418,5.0,41.21552046554498,44.66700257429213
3.488732528,5.0,39.56895326956334,35.17391326496551
3.498738797,5.0,41.33218071490935,44.69374301987091
3.50867089,5.0,35.278484538279464,42.608962346162095
3.518642446,5.0,41.50080782246831,42.868613870405404
3.528683777,5.0,39.838755330633774,35.90522368490367
3.538661549,5.0,41.59443771160272,44.935137019355125
3.548656921,5.0,10.5674658853522,23.773803050738977
3.558678556,5.0,37.820095907933734,42.75310793250174
3.568665827,5.0,39.718443966360475,45.47173152104837
3.578690115,5.0,39.84254334856768,38.04971302491408
3.588645048,5.0,37.989951383842204,38.20107999915299
3.598635392,5.0,46.682603909550295,42.94908614323091
3.608760396,5.0,42.94822275712917,41.59353684850325
3.618658894,5.0,38.205877113683485,41.65045943741659
3.628653009,5.0,36.093016486525265,36.08158190769331
3.638716201,5.0,38.48418415062951,36.14798335917892
3.648652206,5.0,10.733124593752079,4.559115861867505
3.658691231,5.0,44.80772612177653,35.996105518644036
3.668690446,5.0,36.05268155525584,38.35391298259522
3.678665843,5.0,43.10496251086753,36.3594371186687
3.688689502,5.0,45.717588903486046,43.14530169183812
3.698625368,5.0,36.25645931672904,40.13634034741147
3.70866146,5.0,40.447597093171474,36.24364849643079
3.718647543,5.0,40.41309571046118,43.1479467370386
3.72866338,5.0,42.081078091561345,38.765084140773574
3.73876778,5.0,36.766027845116156,43.22225941644877
3.748639668,5.0,16.304554240603903,19.899213746384223
3.758654387,5.0,43.20586681516402,38.521908062932816
3.768741256,5.0,38.69677806915129,44.05008876111077
3.77869116,5.0,40.52482122927977,38.683025344556064
3.788675567,5.0,40.44812736178542,36.504992322524274
3.79864831,5.0,42.09123733195892,36.783112395393786
3.808802509,5.0,36.87701028185235,45.79449808746085
3.819108201,5.0,45.28668849666741,43.48310718265054
3.829510697,5.0,45.88105660719393,40.779447898910696
3.839631092,5.0,44.462163857094865,40.984176106937454
3.849647697,5.0,24.64952435555734,20.170079083327934
3.859639019,5.0,40.52305103451285,40.34823720517762
3.869728332,5.0,41.88674864664266,36.4523592344763
3.879794806,5.0,36.65156751478059,36.71122298270763
3.889661945,5.0,39.129425158579956,45.24850086622388
3.899650752,5.0,37.058154577382304,43.47219512507707
3.909655833,5.0,43.43998599524544,39.29313769870801
3.919692274,5.0,46.51820604644252,44.58335200825524
3.92980757,5.0,46.936514421782086,41.27930692513289
3.939639157,5.0,37.160974473512674,44.54100668333233
3.949627476,5.0,4.612265990359601,24.639320397750115
3.959651764,5.0,45.87441291866686,37.12234468994727
3.969636171,5.0,43.5165100265414,37.289157678971655
3.97967799,5.0,39.322014010469864,42.41110232518643
3.989647241,5.0,40.94841603843708,37.29763768045983
3.999890422,5.0,42.622397471759335,39.66032212045924
4.010243818,5.0,37.21313746046175,39.510008332859364
4.020540429,5.0,37.68420651627914,44.683382748075026
4.030688412,5.0,41.29414757444645,43.80137963205488
4.040707881,5.0,41.27240045123004,37.85738138035645
4.050686561,5.0,42.72431635345477,43.978815979730776
4.060663705,5.0,42.83971096230549,46.630377447173814
4.070642873,5.0,44.73777245214117,37.72327975420343
4.080678895,5.0,44.87243387769604,47.44634484959013
4.090807392,5.0,38.03218641546223,39.36762314123432
4.100662936,5.0,38.4391976626845,47.072586223836346
4.110699167,5.0,44.007215610353015,38.18083587897305
4.120678685,5.0,45.553338509319666,38.248154064161
4.130642,5.0,45.765629057017826,40.4621490327761
4.140667405,5.0,43.093835524633626,41.777135173405384
4.150632885,5.0,40.25790912690583,44.97488828260613
4.160626651,5.0,41.79684754232542,43.322230667849695
4.170663721,5.0,42.04559819243851,46.40017556955782
4.180643518,5.0,43.156740846019076,38.54791834864997
4.190630998,5.0,46.88328229708686,47.60605015820052
4.200661782,5.0,40.759897179381404,39.071516554654664
4.210730771,5.0,47.239700356515215,45.186194531963075
4.22070987,5.0,43.384731954943994,39.32928690564474
4.230658377,5.0,40.55759470929103,46.38912515624339
4.240657521,5.0,42.10498108053273,42.32820740508587
4.250746695,5.0,45.813340175062656,43.550561130151046
4.260663772,5.0,46.35092011312671,39.40409633314707
4.270666199,5.0,46.82098110656014,42.47007941421787
4.280869429,5.0,38.84790624747572,43.49559711103918
4.290674894,5.0,40.60756737538645,44.50019974339813
4.300703373,5.0,42.20782512422775,45.329059725137576
4.310667735,5.0,43.27569755645868,39.31149260274963
4.320673445,5.0,40.72281425070367,39.4639290982081
4.33072609,5.0,42.213830377188835,44.651831308671326
4.340669638,5.0,38.98111341641803,42.609957121968556
4.350795201,5.0,44.36471961921848,41.16258449337631
4.360698309,5.0,45.31056140488567,41.53687234602513
4.370652683,5.0,46.02686357333611,47.15090115013179
4.380743044,5.0,46.553458207443015,46.67425661352786
4.390726543,5.0,45.444734154142736,47.15137393252758
4.400636845,5.0,46.02094342303983,41.4765985935939
4.410731397,5.0,44.66012388278684,46.098618188934374
4.420642817,5.0,42.58652655565296,45.45969509981765
4.430656559,5.0,39.563112845736136,42.54076555025087
4.440689019,5.0,41.32723206465463,39.60700782636248
4.450647444,5.0,42.73416241230046,42.7028349953543
4.46063234,5.0,41.43181099168418,42.718343818682655
4.470971487,5.0,41.49086822958085,46.103605441867636
4.481301484,5.0,45.62808422328682,41.8053510417311
4.491628618,5.0,40.2799415854417,47.44926960698919
4.501677422,5.0,45.65450126239336,40.24237217281419
4.511675938,5.0,45.72337352399528,44.95925543489309
4.521647074,5.0,41.65297914041201,42.966215058881275
4.531657953,5.0,41.71178110235972,46.188606298335806
4.541631813,5.0,43.11912026139226,47.17076607539843
4.551620551,5.0,46.28402917373961,43.14082128449408
4.561631848,5.0,40.45196353929892,45.04942859117442
4.571643843,5.0,47.26934794877554,45.86382005326384
4.581678538,5.0,41.75183175863179,40.432613597332896
4.591627744,5.0,41.80040353200658,41.648284946539086
4.601768393,5.0,45.938882831085905,48.1097231329803
4.611633994,5.0,42.059711411679125,41.797813350876666
4.621639634,5.0,45.212125291876845,43.16420084073056
4.631690812,5.0,43.57160208422619,45.802054846927106
4.641649516,5.0,42.34782837370315,46.807164599950596
4.651633434,5.0,45.88283900326912,43.304693625515185
4.661622451,5.0,44.497269233037436,44.375310347818186
4.671658473,5.0,42.41399034534316,40.77252532190787
4.6816741,5.0,46.091945131788975,45.04322721819202
4.691670381,5.0,44.556961588144816,44.35659405347652
4.701707032,5.0,42.53648106261461,45.166747555078054
4.711670904,5.0,45.90116833614684,42.12751383333419
4.721649025,5.0,41.141192642456666,44.46278743470535
4.731673593,5.0,43.57121712687881,44.431123758302014
4.741640539,5.0,41.13233964548758,42.30067451356375
4.751651277,5.0,44.76944925398357,46.07222438939032
4.761674936,5.0,43.841117244676084,45.33669455350126
4.771649914,5.0,41.02621202760461,43.444411101386436
4.781644449,5.0,47.93549408674292,46.57323014334008
4.791641498,5.0,46.157246669621905,45.452676544745806
4.801725503,5.0,46.921113204857036,43.665409503032606
4.811661507,5.0,45.54708784441403,48.317755513205896
4.821770377,5.0,44.74179779145949,43.81419531658409
4.831801371,5.0,44.65357762678303,41.43204402741151
4.841659219,5.0,42.655855757712025,41.42291741691785
4.851642509,5.0,44.799680353298534,46.23081116314319
4.861653666,5.0,47.0051090837935,44.85318853818827
4.871649667,5.0,43.8874061098826,47.1336066839516
4.881624017,5.0,45.561206801291846,44.87692784583933
4.891706625,5.0,43.90145006080659,42.951458768909895
4.901626915,5.0,41.126004340349155,42.917203155445506
4.911676207,5.0,47.94764358200269,41.971555777891105
4.921701333,5.0,46.16532817525956,45.57968283030962
4.931653332,5.0,41.62857456866231,44.10006507807644
4.941632292,5.0,46.035689308646,43.010326343214366
4.951682073,5.0,41.490773386926094,45.783356852888886
4.961632186,5.0,42.823274831311075,47.750155732545906
4.971642925,5.0,41.37965812563874,43.14556878618307
4.981625236,5.0,45.52150331680138,41.95818124274389
4.991640654,5.0,47.426228438501056,45.71915267789914
5.001669552,5.0,44.92193204978124,48.58001724575399
5.011649209,5.0,47.123870622194964,47.51661204173885
5.021643325,5.0,44.69420192522302,41.68064380679618
5.031655949,5.0,41.866389576665064,43.39405544412026
5.041670668,5.0,43.88371633735626,43.965170254589246
5.051675749,5.0,45.43562805611346,41.74521018651318
5.061628447,5.0,43.2018907613392,45.843698179098084
5.071651129,5.0,43.02563213078986,45.041395678329394
5.081746658,5.0,45.71877333786991,47.14766949325296
5.091639289,5.0,45.064087605836704,44.947708273006405
5.101823661,5.0,42.12627069318176,44.96371280727143
5.112283988,5.0,43.317922459938195,44.12397238698381
5.12264779,5.0,44.40541817343671,46.7298237016095
5.13263534,5.0,43.43889057648366,44.092233369628936
5.142611995,5.0,43.46314308821891,44.20072135511766
5.152683498,5.0,18.82913173820065,32.35443965264221
5.162660361,5.0,33.62061106900665,9.782807387834378
5.172620183,5.0,46.84303944208367,45.904061245447956
5.182637487,5.0,46.61789480935816,41.27134842534504
5.192648016,5.0,46.89577254264305,42.3367431456435
5.2026561,5.0,44.60054451629407,44.59213308677246
5.212665232,5.0,41.07261704253642,42.514485108932476
5.222628476,5.0,46.101643772803115,46.122504374225
5.232662821,5.0,44.65264877123295,41.15352099095006
5.242995752,5.0,42.54787847857503,44.614300498000425
5.253297183,5.0,5.507317179711663,8.133521188974148
5.263630533,5.0,32.96137264061578,11.877880616527836
5.27373633,5.0,46.77885890631518,44.32314867383756
5.283658366,5.0,43.23994966135922,42.02150995748764
5.293664215,5.0,44.963777344438505,40.54168201810457
5.303686617,5.0,41.981748967914776,42.030610650923315
5.313669558,5.0,46.43555542907504,43.398092261103905
5.323629449,5.0,40.50041251018363,40.52198208106722
5.333686285,5.0,43.36050654384677,44.44953786965174
5.343658748,5.0,40.8363360357682,47.2544317712446
5.353655657,5.0,22.20272027293927,14.874546522544913
5.363653055,5.0,26.601948396042804,14.452122961354
5.373673013,5.0,45.73450659208278,41.55055384590266
5.383694577,5.0,41.383383928335135,42.80710478676434
5.39371684,5.0,47.41055975205379,43.924391719093215
5.40365941,5.0,40.06114777822652,44.820061177613134
5.413652199,5.0,47.069557304060986,42.945270127611074
5.42365721,5.0,39.80268789861812,43.95687154272383
5.433753717,5.0,42.87732213250846,46.72470908508878
5.443680712,5.0,45.63837351989811,43.0315637800794
5.453694034,5.0,22.878269524861427,21.962820147507294
5.463654554,5.0,32.027546300855434,21.493204335390136
5.473676538,5.0,44.507392978208294,45.24779502154336
5.483632797,5.0,39.03701817380592,42.12009316001044
5.493620906,5.0,47.55855467185356,40.90417943058199
5.503683748,5.0,39.6229303051114,41.0782526963705
5.513897385,5.0,47.054234061010995,45.44396428177159
5.524222353,5.0,42.571264992663636,43.61415467514427
5.534547043,5.0,41.133467469161324,44.53210672361845
5.544655982,5.0,41.13050017349499,42.46246521081983
5.554639411,5.0,26.156669292184727,26.10468776048949
5.564673687,5.0,2.992892729308757,31.25625804110632
5.574621146,5.0,45.22325798341141,43.04760194315443
5.584629789,5.0,45.82333373981561,40.51759982870044
5.594725109,5.0,38.98711361175149,44.18502239527546
5.60464498,5.0,44.311730840762195,38.80579589142644
5.614674855,5.0,46.790299191255606,38.980627764020504
5.625044454,5.0,43.47722069180726,47.61517059768551
5.63527611,5.0,44.394879892886664,40.92847443061733
5.645525926,5.0,45.056634635720506,39.196821117348236
5.655678798,5.0,21.003424182748315,38.259570005235965
5.665687231,5.0,31.000657689377626,4.737947439264358
5.675647472,5.0,38.35550641070057,45.68524868573479
5.685640888,5.0,40.05256731495695,40.30310754656652
5.69566364,5.0,44.92419473022769,46.79511866929718
5.705718729,5.0,42.85024070472711,38.36788674088391
5.715660182,5.0,38.23929152224462,40.33144630316039
5.725658907,5.0,40.281728058844266,41.89978389837542
5.735677607,5.0,41.75086840838804,38.417191687483495
5.745687787,5.0,43.28770878781178,47.581623242953256
5.755695242,5.0,37.76260294096585,7.465919362451116
5.76564766,5.0,30.60141186057596,13.742339048630415
5.775665173,5.0,37.84918965480638,45.446159066461554
5.785784729,5.0,39.630709943004504,43.72838374969552
5.795658712,5.0,42.52685685243309,39.461880367422644
5.805668751,5.0,41.499591474962756,47.682751927221574
5.815681794,5.0,37.806156384997934,42.672165692637144
5.825696514,5.0,37.897922283905345,37.908657700695436
5.835687486,5.0,39.939857941561776,43.866737733272956
5.84571792,5.0,41.54906485436041,39.967971989582594
5.855727192,5.0,25.069871157424608,30.56138710419438
5.865678911,5.0,37.19468883951559,3.7901929859369474
5.87562644,5.0,43.5301674810318,44.58348258547211
5.885687746,5.0,41.08448769766854,41.227668161603326
5.895712313,5.0,45.3375011524575,37.67698670848997
5.905665709,5.0,45.458642214259264,43.820750997120996
5.915694746,5.0,46.10258230128765,44.74666419701145
5.925671889,5.0,46.65172721765358,44.80022621900051
5.935684024,5.0,45.3627044143797,42.665113989417776
5.945732548,5.0,42.67882251231412,38.02732262762037
5.955659822,5.0,11.166507861784241,20.583887300726737
5.965674542,5.0,16.50261359583703,20.11091453892043
5.975648193,5.0,39.033693788547204,43.31116411643295
5.985631133,5.0,40.70942961455178,46.34678321324671
5.995826679,5.0,47.868709357636455,44.42838242607042
6.006042132,5.0,38.981344744684655,36.85640717866016
6.016326241,5.0,37.06281585194598,37.15161038933505
6.026582762,5.0,43.431742691362345,43.51646477479188
6.036652379,5.0,39.2824922059485,37.27622967832382
6.046651453,5.0,44.581037313296044,39.63455311960504
6.056633695,5.0,16.515660072841953,20.329664842582034
6.066636331,5.0,36.53973580526495,24.401958228278875
6.0766558,5.0,45.1365135365491,38.692197851476685
6.086649216,5.0,42.220258768409145,40.54842257249192
6.096696343,5.0,45.75627257315936,40.5090391560307
6.106759954,5.0,43.40653325551323,36.89197762484737
6.116653703,5.0,46.410525875727934,43.38759185345538
6.12666018,5.0,46.75668306010956,38.98828197577856
6.136717714,5.0,36.99674396822781,47.51337872084132
6.14666657,5.0,37.14661264114424,46.880388984072304
6.156654818,5.0,24.28612229853039,36.29385419014154
6.166655569,5.0,35.94226021877485,10.746955652612428
6.176640884,5.0,43.076563741794736,43.97437005770231
6.186642263,5.0,43.12051249355893,36.1447299343305
6.196633235,5.0,46.23702529572575,36.258246524144255
6.206658431,5.0,46.781790106600084,41.900077352939476
6.216676223,5.0,36.25488870798704,38.52639815848548
6.226664681,5.0,36.69845381995067,43.20933171751638
6.236725498,5.0,38.73714350988788,40.55166683813717
6.246674423,5.0,40.558635067197244,45.09115972316507
6.256667351,5.0,5.277035204170071,13.455277882728131
6.266665238,5.0,24.12867604061006,15.988981272923857
6.276640495,5.0,38.33978634197336,43.973133987412844
6.286650745,5.0,40.232309532943674,38.48522325480418
6.296723225,5.0,38.508032787221524,46.294036683688276
6.306654131,5.0,40.26904484976073,44.8760980242969
6.316702655,5.0,40.39544633499106,42.8988905310206
6.326681893,5.0,40.755905918693344,38.46842271198996
6.33667559,5.0,41.974228072873466,44.01280230954346
6.346743041,5.0,36.77202961342514,41.84059859619588
6.35665942,5.0,13.406207643121867,10.78042623654126
6.366717862,5.0,28.915781745586074,12.878051702662948
6.376654076,5.0,38.08027697242468,43.88201226717606
6.386652382,5.0,35.705241376191225,39.88070919500469
6.396686099,5.0,38.082266217597194,39.96683301194763
6.406644314,5.0,35.71130412121118,38.23638525645168
6.416681872,5.0,38.08542289507791,40.16349402648109
6.426731584,5.0,38.33227699305318,36.440614628873725
6.436676738,5.0,44.079903617490416,44.28813823904315
6.44666331,5.0,40.351029723719726,46.83239882359942
6.456665038,5.0,19.61084567270294,10.738431249346187
6.466642879,5.0,23.873163709023515,19.39644286550741
6.476628264,5.0,46.659468002169035,41.52126882029976
6.486635859,5.0,45.436894906391785,38.0425824089526
6.496651766,5.0,37.919645977606024,38.017164986844755
6.506684575,5.0,42.708695865870226,35.834213773261965
6.516660111,5.0,35.971681969267784,38.40389146428727
6.526677834,5.0,46.13321829515695,38.36069311093775
6.53683315,5.0,40.16804395324693,47.439697837201905
6.547110694,5.0,40.33756371166134,46.763548523903225
6.557489303,5.0,12.979754725290507,35.42916580378824
6.567627228,5.0,23.544065514309043,12.847060389947313
6.577651446,5.0,35.38080750031658,43.737134307705325
6.587693544,5.0,42.71803099826078,46.100115809213705
6.598018094,5.0,35.58113123928316,43.84117265816725
6.608302831,5.0,37.74211797284352,41.27402461373432
6.618590643,5.0,47.3189087890314,35.75356704818106
6.628645452,5.0,46.69051426041137,41.68314929633663
6.638662686,5.0,45.353767594199574,35.78801819859824
6.648741383,5.0,42.93172039122329,47.197669688317376
6.658643303,5.0,19.323126145251866,6.906505992164605
6.668683096,5.0,8.380438481750172,15.748892246796492
6.678703473,5.0,42.5042159386209,42.587374831091196
6.688701709,5.0,42.504613354041396,37.60029450134711
6.698691214,5.0,42.73923693425371,47.44333695402238
6.708676529,5.0,43.807416578302636,46.61681734268761
6.718677419,5.0,37.97185053945932,44.66515265538569
6.728685363,5.0,39.89164400406033,41.27510173888763
6.738659572,5.0,41.69204814556825,45.49487020300952
6.748651382,5.0,35.90299771272928,43.65008843061259
6.758658069,5.0,23.857234392903834,19.129969624990938
6.768652813,5.0,34.72629959326846,34.19887121705814
6.778745409,5.0,42.42157494150566,44.425710537275975
6.78862903,5.0,35.08770667439804,40.93733049421575
6.798639349,5.0,37.26035936960179,37.1594354019492
6.80872964,5.0,37.61771385038112,35.18467000768086
6.818700496,5.0,35.55286348687643,46.06593843387708
6.828636571,5.0,46.11025217282862,43.642849430724304
6.838663024,5.0,39.87989696994978,41.20634868514068
6.848999237,5.0,38.126804310852904,44.63824335491378
6.85923669,5.0,23.465839487768637,22.998241071696025
6.869486506,5.0,23.537095297691835,23.055722249230676
6.879663404,5.0,39.335083435677525,36.85462323112383
6.889704943,5.0,39.48345771185333,42.31803578470013
6.899654218,5.0,37.61698885225745,39.25178245432508
6.909654899,5.0,46.634419132009015,43.670087275491746
6.91970014,5.0,39.597447484797456,37.56251313043016
6.929658844,5.0,44.648563802954406,42.58853529740516
6.939684878,5.0,42.55086646161424,39.61753588471875
6.949649029,5.0,35.564236047652045,39.81676637999395
6.959636789,5.0,23.361831459701143,15.63228507608395
6.969711574,5.0,2.64602093990894,28.1833191442007
6.979644854,5.0,44.44708601182806,34.54341329658761
6.989631706,5.0,35.1895054471095,34.89202849637578
6.99966647,5.0,44.67516895492726,46.00881475464957
7.009670294,5.0,35.079869653457486,40.139494659244725
7.019664059,5.0,41.316134821358965,46.01976068457569
7.029676544,5.0,41.332804758429255,43.685538405863554
7.039678551,5.0,42.67886082010177,37.75497149551148
7.049716947,5.0,35.5919883862063,37.977065543142835
7.059653371,5.0,8.445177627412878,19.20702462448453
7.06992847,5.0,18.850526413337793,28.055680693298836
7.080341931,5.0,37.17351733830141,34.53848542429657
7.090417834,5.0,42.543858568314626,41.094414817022425
7.100641668,5.0,41.095666360205726,45.313357878370034
7.110645002,5.0,42.49935026784176,41.08927257664559
7.120637511,5.0,35.02890621574055,35.01879605364656
7.130761746,5.0,37.51888177980769,35.3591283220795
7.140653679,5.0,39.57269087299345,46.03031576732535
7.15081584,5.0,35.33283520984972,44.65435537361195
7.161056925,5.0,28.521980817213034,12.70907909102369
7.171219016,5.0,34.9068819094276,37.34188572685306
7.181381107,5.0,35.10773195644269,37.587463006361965
7.191525946,5.0,41.4059682322967,45.45681627345145
7.201632162,5.0,35.430901634164044,43.75284979396888
7.21180452,5.0,42.71866338421591,35.72887850596069
7.221957112,5.0,39.67811567131157,38.14382442998131
7.232112358,5.0,39.91022007830527,36.230175585548274
7.242223323,5.0,39.89548422385963,44.07468768976265
7.252367254,5.0,41.48341960312906,38.44529850040984
7.262476543,5.0,34.6792462098692,29.055457334306354
7.27261356,5.0,47.01164136357838,41.69775964786715
7.282669278,5.0,35.36053904655093,38.08125810000856
7.292682809,5.0,42.79277526037687,40.14798360894097
7.302680696,5.0,37.804495037998166,38.20094447806515
7.31265728,5.0,38.078459319291646,40.32933712854662
7.32271223,5.0,43.99036127002265,38.60858865839447
7.332682248,5.0,40.089439713413086,41.906342165493086
7.342625237,5.0,40.28431289495594,41.94709146328262
7.352700442,5.0,45.010680171809796,36.68398956528127
7.36264811,5.0,8.690430681731332,29.511246777242036
7.372675262,5.0,38.23481503442813,43.03039437491574
7.382664487,5.0,39.986165459532636,36.10731916518615
7.392681721,5.0,41.62908916225399,38.59568843226873
7.402694764,5.0,41.733878524590686,46.325859134391635
7.412755022,5.0,41.74536360941679,36.361766217548926
7.42268013,5.0,43.12798054129414,36.60308819781441
7.432706793,5.0,45.65862407475516,38.74425343138425
7.442633578,5.0,43.31359456870667,38.97999441484618
7.45262916,5.0,46.436511047549615,46.43258167630687
7.462631446,5.0,5.701265189518861,13.258105439706904
7.472670122,5.0,44.159235101449156,43.07900866239216
7.482646776,5.0,38.67941092150398,38.589337874817
7.492912097,5.0,44.21671573895952,44.187627264194454
7.50303766,5.0,40.50860603568538,41.846171010995405
7.513168321,5.0,43.27347623208287,36.467170169819006
7.523278727,5.0,42.19224940605357,38.87462356335182
7.533398841,5.0,43.280391621701796,40.51107239021515
7.543520772,5.0,39.14031569968702,40.841982402907064
7.55363439,5.0,39.29899077715077,46.83428369276925
7.563622429,5.0,24.462917529533023,8.699933688941483
7.573645599,5.0,45.568114979310266,45.11882203145592
7.583621485,5.0,43.367944033050144,40.500105388555234
7.593683768,5.0,36.91584912654107,36.42912810052962
7.603667476,5.0,46.489895286105295,47.285047605120944
7.613719073,5.0,45.29715488006119,44.40778976878389
7.623643692,5.0,45.947988166248585,44.398358339968816
7.633661694,5.0,43.47424319443717,36.87331198287771
7.643713919,5.0,46.44590597809343,37.20740619265635
7.65368764,5.0,46.91090031082051,42.365961769274854
7.663618057,5.0,13.649942709242321,13.571706777841284
7.673686765,5.0,45.228902408658676,45.13020452396796
7.683656295,5.0,38.91976150615996,38.74133486343746
7.693662982,5.0,37.08037446164202,38.88572516183703
7.703695511,5.0,43.5900365814684,44.43384967700177
7.713664203,5.0,44.48824592147706,39.00212435543846
7.723636386,5.0,44.64009343416303,41.00363869587257
7.733633365,5.0,45.38191331040447,41.023486697385515
7.743657792,5.0,43.66781750394703,37.410477235720435
7.753676772,5.0,46.610432548788644,43.68261037375291
7.763634987,5.0,7.35982217111488,13.666573381448256
7.773798963,5.0,44.564892607744625,45.9156062518892
7.783921033,5.0,41.1476283359789,44.36633656045209
7.79405805,5.0,42.51654451704927,40.693211150672525
7.804174113,5.0,39.49546848983846,36.97051420698949
7.814325308,5.0,46.08064758193919,37.519154546909256
7.824511286,5.0,41.236608647094165,37.56884207504858
7.834658011,5.0,37.664965989216014,39.62468551848297
7.844655618,5.0,43.63221078619015,39.545213182706824
7.85464205,5.0,42.79455930774444,47.706316267126404
7.864718651,5.0,11.119336799942767,36.898746155637895
7.874674561,5.0,37.458608345929946,43.38181402791158
7.884648282,5.0,39.619246688237375,44.45162051405266
7.89465895,5.0,39.58245320365877,45.23609067354422
7.904655928,5.0,41.27600083553854,43.554088808225345
7.914695302,5.0,42.602550182295545,39.36650101984344
7.924707158,5.0,37.763904535281824,43.56392488340285
7.934762107,5.0,43.802350352086385,41.28915434511153
7.944737713,5.0,39.74695189611408,42.637850827932944
7.954663241,5.0,44.78947648698495,43.780669377697095
7.964709739,5.0,30.291087268732998,30.446755035257706
7.974669071,5.0,37.36606043691921,37.43113949917871
7.984706001,5.0,39.425934205769245,39.56781404878087
7.994725888,5.0,41.26757192406877,37.95918832922898
8.004643314,5.0,41.25543898748705,44.811843789942635
8.014649023,5.0,42.65896724784761,40.01085604559999
8.024710119,5.0,42.68928430689435,45.543447455768195
8.03467001,5.0,46.11352424397602,43.93386031630802
8.044672227,5.0,39.90411282629087,41.69526778483215
8.054655376,5.0,41.502842670557,45.602038448866516
8.064663111,5.0,16.755954376988278,30.605679970662766
8.074688306,5.0,39.63715126049475,43.71232708832899
8.084625358,5.0,39.720273420858696,37.83885872947702
8.094621778,5.0,44.72084874036578,44.8131139646234
8.104646555,5.0,45.46421865799385,39.988947489365785
8.114701504,5.0,46.019626333499545,38.08825185379969
8.124654131,5.0,46.62609497864508,43.02625446796415
8.134666336,5.0,41.349157117700244,44.87414616642032
8.144699005,5.0,42.77142243314425,45.59846079923218
8.15472448,5.0,38.043488815546716,42.82373401919987
8.164620393,5.0,30.742766278438857,37.3734124321573
8.174642865,5.0,42.65546351226299,43.79437921091501
8.184717022,5.0,42.81295289720636,43.958441608466345
8.194623342,5.0,37.984686854554845,41.4161177911091
8.204635198,5.0,46.65190173177076,41.60169778731938
8.214660114,5.0,37.90185632940249,42.774211252156555
8.224660096,5.0,37.82399928621124,38.10297190354734
8.234662592,5.0,47.50588046579412,44.17155194012844
8.244680175,5.0,46.73655509277983,44.99529181782202
8.254661927,5.0,41.71131761102288,44.99011102535131
8.26467462,5.0,14.534001711927823,37.50823652113119
8.274642194,5.0,47.05147573355277,37.938986198524226
8.28464029,5.0,46.22534020350749,46.15113037316043
8.294633567,5.0,43.970747451068014,44.72625611088055
8.304667703,5.0,40.01731977887238,42.80468047951502
8.314708544,5.0,47.12528229905052,45.57310632980853
8.3246391,5.0,42.87720424299497,43.998105496491654
8.334703339,5.0,43.924986715045634,38.31772005489982
8.344766949,5.0,41.80236693974536,45.04446093277572
8.354727469,5.0,41.66831769605544,41.66321574907355
8.364671435,5.0,20.785365237238317,37.520521747986955
8.37465235,5.0,43.880945339063565,39.80424664773042
8.384673913,5.0,46.71677582099196,47.75215791613901
8.394693382,5.0,42.91906275869841,39.955654227658
8.404664518,5.0,43.03231012349297,44.929000002780555
8.414668621,5.0,43.96105322652843,39.95514655297459
8.424658335,5.0,41.761340196966636,40.02048183349998
8.434672286,5.0,41.73473691421533,41.72615144278239
8.444710263,5.0,43.08511044431504,47.14708667252207
8.454661284,5.0,41.72743419185181,40.16429478841705
8.464654002,5.0,25.32451447990095,30.740884288077464
8.474773977,5.0,42.967555556604985,46.42975408676341
8.484661299,5.0,38.490086073178965,46.67966272449034
8.494671828,5.0,40.213383642661604,44.7681836785629
8.504699258,5.0,44.931858796528786,40.038521497995376
8.514685271,5.0,38.45902783230447,44.84881141894932
8.524677919,5.0,38.32704016791059,38.15554393148343
8.534684886,5.0,44.05727615227112,40.1702776277947
8.544640865,5.0,40.46331160576579,40.40307711157402
8.554681567,5.0,45.08114681378737,41.990758019728226
8.564627489,5.0,27.081587077613253,17.0778292681885
8.574678177,5.0,46.75460722233568,44.03350032643725
8.584670267,5.0,45.63637119302445,38.403912819494245
8.594663334,5.0,46.34269791269315,45.048763589258115
8.604654026,5.0,46.71036721260205,41.898735803309705
8.614636756,5.0,41.8141557576506,40.18321972944202
8.624623048,5.0,45.8036738825266,47.85272465952046
8.6346678,5.0,44.212153541279065,40.450064411932985
8.644607646,5.0,42.1529359017155,45.15042660173919
8.654645204,5.0,42.01148759077594,38.717840311243776
8.664666837,5.0,17.181894995869648,37.89558378682684
8.674622119,5.0,41.86915423761257,40.07527377141865
8.684667988,5.0,45.086990603147505,44.0855244517197
8.694675024,5.0,43.19200624805857,41.81041486205731
8.704667043,5.0,43.247615602148414,45.78402389029641
8.714668003,5.0,44.20875886223944,38.85834511464268
8.724635158,5.0,44.89572030436335,40.335089621311496
8.73485927,5.0,45.864925428191356,47.90441058110771
8.745271404,5.0,44.19776343842171,44.19860014916675
8.755532674,5.0,42.049993874494916,41.97196474080252
8.765660192,5.0,7.589247359690308,21.10881780293173
8.775660942,5.0,46.33662996284447,43.12351750484417
8.785668955,5.0,44.14882866642744,40.44644764506657
8.795694849,5.0,41.83553885298147,45.00704927914291
8.805657744,5.0,43.130521726273905,42.033231630545586
8.815685104,5.0,43.06177201243129,38.66016362754466
8.825758632,5.0,40.42258933054938,38.878150174417996
8.8356887,5.0,41.83502228062175,40.4384829508354
8.845673315,5.0,38.90329144768548,47.785011022465525
8.85569446,5.0,38.7414287186022,44.239497692509076
8.865715744,5.0,37.87805624540796,31.24962863998329
8.875702106,5.0,47.54938090814368,44.31569906158233
8.885660042,5.0,40.244122264473404,41.897393053889175
8.895682792,5.0,45.03597460244215,43.11876650429946
